{
  "batch_size": 32,
  "cache_dataset": true,
  "num_workers": 0,
  "pad_with_last_sample": false,
  "train_rate": 0.7,
  "eval_rate": 0.1,
  "scaler": "standard",
  "load_external": false,
  "normal_external": false,
  "ext_scaler": "none",
  "input_window": 12,
  "output_window": 12,
  "add_time_in_day": false,
  "add_day_in_week": false,

  "y_start": 1,
  "thresh_T": 10,
  "direct_T": false,
  "weighted": false,
  "directed": false,
  "p": 1,
  "q": 1,
  "num_walks": 10,
  "walk_length": 25,
  "dimensions": 128,
  "window_size": 10,
  "workers": 0,
  "iter": 10,
  "thresh_cos": 10,
  "direct_L": true,
  "direct": false,
  "strides": 4
}
