{
    "max_epoch": 100,
    "fine_tune_epochs": 50,
  
    "learner": "adam",
    "learning_rate": 0.001,
    "scaler": "minmax11",

    "len_trend": 0,
    "len_period": 0,
    "len_closeness": 1,
  
    "lr_decay": false,
    "lr_scheduler": "steplr",
    "step_size": 50,
    "lr_decay_ratio": 0.5,
    "batch_size": 16,
  
    "clip_grad_norm": false,
    "max_grad_norm": 10,
    "use_early_stop": false,
    "patience": 5,
  
    "num_layers": 4,
    "d_model": 64,
    "nb_head": 8,
    "dropout": 0.0,
    "aware_temporal_context": 1,
    "ScaledSAt": 1,
    "SE": true,
    "TE": true,
    "kernel_size": 3,
    "smooth_layer_num": 0,
    "output_dim": 1
  }